{
    "comments": {
        "lineComment": "$"
    },
    "brackets": [
        ["{", "}"],
        ["[", "]"],
        ["(", ")"]
    ],
    "autoClosingPairs": [
        ["{", "}"],
        ["[", "]"],
        ["(", ")"],
        ["\"", "\""],
        ["'", "'"]
    ],
    "surroundingPairs": [
        ["{", "}"],
        ["[", "]"],
        ["(", ")"],
        ["\"", "\""],
        ["'", "'"]
    ],
    "indentationRules": {
        "increaseIndentPattern": "^\\s*((if|for|while|do|switch|case|default).*|\\{[^}]*|\\b[a-zA-Z_][a-zA-Z0-9_]*:\\s*$)",
        "decreaseIndentPattern": "^\\s*(\\}|\\);|\\]|\\$.*)$"
    },
    "wordPattern": "(-?\\d*\\.\\d\\w*)|([^\\`\\~\\!\\@\\#\\$\\%\\^\\&\\*\\(\\)\\-\\+=\\[\\]\\\\\\{\\}\\|\\:;\\\"'<,>\\.\\?\\/\\s]+)",
    
}
