{
    "name": "RPP",
    "scopeName": "source.rpp",
    "fileTypes": [".rpp", ".r"],
    "patterns": [
        {
            "name": "comment.line.rpp",
            "match": "^\\$.*$"
        },
        {
            "name": "string.quoted.double.rpp",
            "begin": "\"",
            "end": "\"",
            "patterns": [
                { "name": "constant.character.escape.rpp", "match": "\\\\." }
            ]
        },
        {
            "name": "keyword.control.rpp",
            "match": "\\b(entry|local|if|else|for|while|do|switch|case|default|break|continue|return)\\b"
        },
        {
            "name": "keyword.other.rpp",
            "match": "\\b(exec|system|graba|ListToLine|encode|piperead|pos|sum|sort|cut_first|cut_last|encodef)\\b"
        },
        {
            "name": "constant.language.rpp",
            "match": "\\b(YES|NO|True|False)\\b"
        },
        {
            "name": "variable.other.member.rpp",
            "match": "\\b[a-zA-Z_][a-zA-Z0-9_]*\\.[a-zA-Z_][a-zA-Z0-9_]*\\b"
        },
        {
            "name": "entity.name.function.rpp",
            "match": "\\b[a-zA-Z_][a-zA-Z0-9_]*\\b(?=\\()"
        },
        {
            "name": "constant.numeric.rpp",
            "match": "\\b-?(?:0x[0-9A-Fa-f]+|\\d+)(?:\\.\\d+)?(?:[eE][+-]?\\d+)?\\b"
        },
        {
            "name": "keyword.operator.rpp",
            "match": "<-|[=+\\-*/%&|!<>]=?|\\.\\.|:|#|\\."
        },
        {
            "name": "punctuation.terminator.statement.rpp",
            "match": ";"
        },
        {
            "name": "punctuation.bracket.curly.rpp",
            "match": "\\{|\\}"
        },
        {
            "name": "punctuation.bracket.round.rpp",
            "match": "\\(|\\)"
        },
        {
            "name": "punctuation.bracket.square.rpp",
            "match": "\\[|\\]"
        },
        {
            "name": "punctuation.separator.rpp",
            "match": ","
        },
        {
            "name": "variable.other.rpp",
            "match": "\\b[a-zA-Z_][a-zA-Z0-9_]*\\b"
        }
    ]
}
